-- --------------------------------------------------------
-- Host:                         localhost
-- Server version:               8.0.19 - MySQL Community Server - GPL
-- Server OS:                    Win64
-- HeidiSQL Version:             11.1.0.6116
-- --------------------------------------------------------

/*!40101 SET @OLD_CHARACTER_SET_CLIENT=@@CHARACTER_SET_CLIENT */;
/*!40101 SET NAMES utf8 */;
/*!50503 SET NAMES utf8mb4 */;
/*!40014 SET @OLD_FOREIGN_KEY_CHECKS=@@FOREIGN_KEY_CHECKS, FOREIGN_KEY_CHECKS=0 */;
/*!40101 SET @OLD_SQL_MODE=@@SQL_MODE, SQL_MODE='NO_AUTO_VALUE_ON_ZERO' */;
/*!40111 SET @OLD_SQL_NOTES=@@SQL_NOTES, SQL_NOTES=0 */;


-- Dumping database structure for java_learning
CREATE DATABASE IF NOT EXISTS `java_learning` /*!40100 DEFAULT CHARACTER SET utf8 COLLATE utf8_bin */ /*!80016 DEFAULT ENCRYPTION='N' */;
USE `java_learning`;

-- Dumping structure for table java_learning.lookup_student_course
CREATE TABLE IF NOT EXISTS `lookup_student_course` (
  `student_id` int NOT NULL,
  `course_id` int NOT NULL,
  PRIMARY KEY (`student_id`,`course_id`),
  KEY `FK_lookup_student_course_table_course` (`course_id`),
  CONSTRAINT `FK_lookup_student_course_table_course` FOREIGN KEY (`course_id`) REFERENCES `table_course` (`course_id`),
  CONSTRAINT `FK_lookup_student_course_table_student` FOREIGN KEY (`student_id`) REFERENCES `table_student` (`student_id`)
) ENGINE=InnoDB DEFAULT CHARSET=utf8 COLLATE=utf8_bin;

-- Dumping data for table java_learning.lookup_student_course: ~140 rows (approximately)
DELETE FROM `lookup_student_course`;
/*!40000 ALTER TABLE `lookup_student_course` DISABLE KEYS */;
INSERT INTO `lookup_student_course` (`student_id`, `course_id`) VALUES
	(1, 1),
	(4, 1),
	(5, 1),
	(6, 1),
	(7, 1),
	(12, 1),
	(13, 1),
	(14, 1),
	(18, 1),
	(21, 1),
	(22, 1),
	(23, 1),
	(25, 1),
	(26, 1),
	(27, 1),
	(30, 1),
	(1, 2),
	(2, 2),
	(3, 2),
	(4, 2),
	(5, 2),
	(8, 2),
	(9, 2),
	(10, 2),
	(12, 2),
	(14, 2),
	(15, 2),
	(20, 2),
	(22, 2),
	(24, 2),
	(25, 2),
	(27, 2),
	(28, 2),
	(1, 3),
	(2, 3),
	(4, 3),
	(6, 3),
	(8, 3),
	(10, 3),
	(15, 3),
	(16, 3),
	(18, 3),
	(19, 3),
	(22, 3),
	(23, 3),
	(24, 3),
	(25, 3),
	(26, 3),
	(27, 3),
	(28, 3),
	(29, 3),
	(1, 4),
	(2, 4),
	(6, 4),
	(8, 4),
	(9, 4),
	(11, 4),
	(12, 4),
	(15, 4),
	(16, 4),
	(17, 4),
	(19, 4),
	(21, 4),
	(23, 4),
	(30, 4),
	(1, 5),
	(2, 5),
	(3, 5),
	(7, 5),
	(8, 5),
	(9, 5),
	(10, 5),
	(11, 5),
	(12, 5),
	(13, 5),
	(14, 5),
	(16, 5),
	(19, 5),
	(20, 5),
	(21, 5),
	(22, 5),
	(23, 5),
	(25, 5),
	(28, 5),
	(29, 5),
	(30, 5),
	(1, 6),
	(3, 6),
	(4, 6),
	(5, 6),
	(11, 6),
	(12, 6),
	(15, 6),
	(16, 6),
	(18, 6),
	(20, 6),
	(21, 6),
	(22, 6),
	(24, 6),
	(27, 6),
	(29, 6),
	(30, 6),
	(2, 7),
	(3, 7),
	(5, 7),
	(7, 7),
	(9, 7),
	(10, 7),
	(11, 7),
	(12, 7),
	(13, 7),
	(15, 7),
	(17, 7),
	(20, 7),
	(22, 7),
	(24, 7),
	(26, 7),
	(28, 7),
	(29, 7),
	(30, 7),
	(2, 8),
	(3, 8),
	(4, 8),
	(8, 8),
	(10, 8),
	(11, 8),
	(12, 8),
	(13, 8),
	(14, 8),
	(15, 8),
	(16, 8),
	(18, 8),
	(19, 8),
	(20, 8),
	(21, 8),
	(24, 8),
	(26, 8),
	(27, 8),
	(28, 8),
	(30, 8);
/*!40000 ALTER TABLE `lookup_student_course` ENABLE KEYS */;

-- Dumping structure for table java_learning.static_exam_type
CREATE TABLE IF NOT EXISTS `static_exam_type` (
  `exam_type_id` int NOT NULL AUTO_INCREMENT,
  `exam_type` varchar(50) COLLATE utf8_bin DEFAULT NULL,
  PRIMARY KEY (`exam_type_id`)
) ENGINE=InnoDB AUTO_INCREMENT=4 DEFAULT CHARSET=utf8 COLLATE=utf8_bin;

-- Dumping data for table java_learning.static_exam_type: ~2 rows (approximately)
DELETE FROM `static_exam_type`;
/*!40000 ALTER TABLE `static_exam_type` DISABLE KEYS */;
INSERT INTO `static_exam_type` (`exam_type_id`, `exam_type`) VALUES
	(1, 'Quaterly'),
	(2, 'Half Yearly'),
	(3, 'Final Exam');
/*!40000 ALTER TABLE `static_exam_type` ENABLE KEYS */;

-- Dumping structure for table java_learning.table_address
CREATE TABLE IF NOT EXISTS `table_address` (
  `address_id` int NOT NULL AUTO_INCREMENT,
  `address_details` varchar(50) COLLATE utf8_bin NOT NULL,
  PRIMARY KEY (`address_id`)
) ENGINE=InnoDB AUTO_INCREMENT=6 DEFAULT CHARSET=utf8 COLLATE=utf8_bin;

-- Dumping data for table java_learning.table_address: ~4 rows (approximately)
DELETE FROM `table_address`;
/*!40000 ALTER TABLE `table_address` DISABLE KEYS */;
INSERT INTO `table_address` (`address_id`, `address_details`) VALUES
	(1, 'Chennai'),
	(2, 'Banglore'),
	(3, 'Delhi'),
	(4, 'Mumbai'),
	(5, 'Kolkatta');
/*!40000 ALTER TABLE `table_address` ENABLE KEYS */;

-- Dumping structure for table java_learning.table_course
CREATE TABLE IF NOT EXISTS `table_course` (
  `course_id` int NOT NULL AUTO_INCREMENT,
  `course_name` varchar(50) COLLATE utf8_bin NOT NULL DEFAULT '0',
  `course_duration` int NOT NULL DEFAULT '0',
  PRIMARY KEY (`course_id`) USING BTREE
) ENGINE=InnoDB AUTO_INCREMENT=9 DEFAULT CHARSET=utf8 COLLATE=utf8_bin;

-- Dumping data for table java_learning.table_course: ~8 rows (approximately)
DELETE FROM `table_course`;
/*!40000 ALTER TABLE `table_course` DISABLE KEYS */;
INSERT INTO `table_course` (`course_id`, `course_name`, `course_duration`) VALUES
	(1, 'Physics', 5),
	(2, 'Chemistry', 5),
	(3, 'Maths', 12),
	(4, 'Botany', 6),
	(5, 'Zoology', 3),
	(6, 'Computer science', 3),
	(7, 'History', 6),
	(8, 'Language', 12);
/*!40000 ALTER TABLE `table_course` ENABLE KEYS */;

-- Dumping structure for table java_learning.table_marks
CREATE TABLE IF NOT EXISTS `table_marks` (
  `exam_type_id` int NOT NULL,
  `student_id` int NOT NULL,
  `course_id` int NOT NULL,
  `marks` int NOT NULL,
  UNIQUE KEY `exam_type_id_student_id_course_id` (`exam_type_id`,`student_id`,`course_id`),
  KEY `FK_table_marks_table_student` (`student_id`),
  KEY `FK_table_marks_table_course` (`course_id`),
  CONSTRAINT `FK_table_marks_static_exam_type` FOREIGN KEY (`exam_type_id`) REFERENCES `static_exam_type` (`exam_type_id`),
  CONSTRAINT `FK_table_marks_table_course` FOREIGN KEY (`course_id`) REFERENCES `table_course` (`course_id`),
  CONSTRAINT `FK_table_marks_table_student` FOREIGN KEY (`student_id`) REFERENCES `table_student` (`student_id`)
) ENGINE=InnoDB DEFAULT CHARSET=utf8 COLLATE=utf8_bin;

-- Dumping data for table java_learning.table_marks: ~402 rows (approximately)
DELETE FROM `table_marks`;
/*!40000 ALTER TABLE `table_marks` DISABLE KEYS */;
INSERT INTO `table_marks` (`exam_type_id`, `student_id`, `course_id`, `marks`) VALUES
	(1, 1, 1, 95),
	(1, 1, 3, 12),
	(1, 1, 7, 47),
	(1, 2, 3, 48),
	(1, 2, 5, 80),
	(1, 2, 6, 13),
	(1, 2, 7, 93),
	(1, 2, 8, 71),
	(1, 3, 1, 52),
	(1, 3, 2, 64),
	(1, 3, 4, 87),
	(1, 3, 5, 23),
	(1, 3, 6, 48),
	(1, 3, 7, 39),
	(1, 4, 3, 56),
	(1, 4, 4, 84),
	(1, 4, 5, 46),
	(1, 4, 6, 68),
	(1, 4, 7, 59),
	(1, 5, 2, 90),
	(1, 5, 3, 47),
	(1, 5, 4, 29),
	(1, 5, 5, 27),
	(1, 6, 3, 69),
	(1, 6, 4, 59),
	(1, 6, 5, 13),
	(1, 6, 7, 93),
	(1, 7, 1, 40),
	(1, 7, 2, 34),
	(1, 7, 3, 78),
	(1, 7, 5, 49),
	(1, 7, 6, 81),
	(1, 7, 8, 74),
	(1, 8, 2, 30),
	(1, 8, 4, 38),
	(1, 8, 5, 70),
	(1, 8, 6, 37),
	(1, 8, 7, 92),
	(1, 9, 1, 57),
	(1, 9, 3, 32),
	(1, 9, 5, 38),
	(1, 9, 6, 70),
	(1, 9, 7, 59),
	(1, 9, 8, 20),
	(1, 10, 1, 23),
	(1, 10, 3, 67),
	(1, 10, 4, 46),
	(1, 10, 5, 33),
	(1, 10, 6, 90),
	(1, 12, 2, 42),
	(1, 12, 3, 17),
	(1, 12, 4, 71),
	(1, 12, 8, 22),
	(1, 13, 2, 77),
	(1, 13, 3, 18),
	(1, 13, 4, 63),
	(1, 13, 8, 18),
	(1, 14, 1, 96),
	(1, 14, 2, 74),
	(1, 14, 3, 57),
	(1, 14, 6, 45),
	(1, 15, 1, 33),
	(1, 15, 3, 22),
	(1, 15, 6, 88),
	(1, 15, 8, 26),
	(1, 16, 1, 38),
	(1, 16, 2, 84),
	(1, 16, 5, 90),
	(1, 16, 6, 61),
	(1, 16, 8, 79),
	(1, 17, 4, 86),
	(1, 17, 7, 78),
	(1, 18, 2, 72),
	(1, 18, 4, 32),
	(1, 18, 5, 55),
	(1, 18, 6, 97),
	(1, 18, 8, 20),
	(1, 19, 1, 21),
	(1, 19, 2, 27),
	(1, 19, 4, 98),
	(1, 19, 5, 88),
	(1, 19, 6, 49),
	(1, 20, 3, 99),
	(1, 20, 5, 98),
	(1, 20, 6, 49),
	(1, 20, 7, 49),
	(1, 20, 8, 47),
	(1, 21, 1, 70),
	(1, 21, 3, 54),
	(1, 21, 4, 56),
	(1, 21, 6, 90),
	(1, 22, 1, 65),
	(1, 22, 4, 71),
	(1, 23, 1, 88),
	(1, 23, 3, 65),
	(1, 23, 5, 89),
	(1, 23, 7, 54),
	(1, 23, 8, 98),
	(1, 24, 1, 87),
	(1, 24, 3, 73),
	(1, 24, 4, 51),
	(1, 25, 1, 50),
	(1, 25, 2, 70),
	(1, 25, 4, 42),
	(1, 25, 5, 82),
	(1, 25, 6, 83),
	(1, 25, 7, 18),
	(1, 26, 2, 90),
	(1, 26, 4, 96),
	(1, 26, 6, 56),
	(1, 26, 8, 31),
	(1, 27, 2, 41),
	(1, 27, 3, 60),
	(1, 27, 4, 40),
	(1, 27, 5, 40),
	(1, 27, 7, 70),
	(1, 27, 8, 69),
	(1, 28, 1, 56),
	(1, 28, 2, 77),
	(1, 28, 3, 94),
	(1, 28, 6, 56),
	(1, 28, 8, 63),
	(1, 29, 3, 83),
	(1, 29, 5, 77),
	(1, 29, 6, 32),
	(1, 29, 8, 41),
	(1, 30, 4, 72),
	(1, 30, 5, 99),
	(1, 30, 6, 13),
	(1, 30, 8, 30),
	(2, 1, 1, 73),
	(2, 1, 2, 19),
	(2, 1, 5, 50),
	(2, 1, 7, 52),
	(2, 1, 8, 18),
	(2, 2, 1, 92),
	(2, 2, 2, 36),
	(2, 2, 3, 66),
	(2, 2, 5, 44),
	(2, 2, 7, 87),
	(2, 2, 8, 82),
	(2, 3, 1, 83),
	(2, 3, 2, 45),
	(2, 3, 3, 76),
	(2, 3, 4, 12),
	(2, 3, 6, 61),
	(2, 3, 8, 14),
	(2, 4, 2, 18),
	(2, 4, 6, 35),
	(2, 5, 3, 36),
	(2, 5, 4, 13),
	(2, 5, 6, 86),
	(2, 5, 7, 46),
	(2, 5, 8, 29),
	(2, 6, 2, 39),
	(2, 6, 6, 36),
	(2, 6, 7, 87),
	(2, 6, 8, 21),
	(2, 7, 3, 27),
	(2, 7, 8, 48),
	(2, 8, 1, 82),
	(2, 8, 3, 19),
	(2, 8, 4, 80),
	(2, 8, 5, 55),
	(2, 8, 6, 47),
	(2, 8, 7, 75),
	(2, 8, 8, 95),
	(2, 9, 1, 29),
	(2, 9, 2, 29),
	(2, 9, 3, 38),
	(2, 9, 7, 74),
	(2, 10, 1, 10),
	(2, 10, 4, 87),
	(2, 10, 5, 61),
	(2, 10, 6, 86),
	(2, 11, 1, 12),
	(2, 11, 2, 17),
	(2, 11, 5, 37),
	(2, 11, 6, 26),
	(2, 12, 2, 50),
	(2, 12, 3, 24),
	(2, 12, 4, 86),
	(2, 12, 6, 66),
	(2, 13, 2, 59),
	(2, 13, 3, 31),
	(2, 13, 4, 36),
	(2, 13, 6, 75),
	(2, 13, 7, 60),
	(2, 14, 1, 97),
	(2, 14, 2, 28),
	(2, 14, 3, 70),
	(2, 14, 4, 25),
	(2, 14, 5, 52),
	(2, 15, 2, 52),
	(2, 15, 3, 31),
	(2, 15, 4, 51),
	(2, 15, 7, 58),
	(2, 16, 4, 23),
	(2, 16, 5, 36),
	(2, 16, 6, 41),
	(2, 16, 7, 88),
	(2, 16, 8, 47),
	(2, 17, 3, 24),
	(2, 17, 4, 25),
	(2, 17, 6, 58),
	(2, 17, 7, 45),
	(2, 18, 1, 54),
	(2, 18, 2, 10),
	(2, 18, 4, 72),
	(2, 18, 6, 99),
	(2, 18, 7, 58),
	(2, 18, 8, 48),
	(2, 19, 1, 24),
	(2, 19, 2, 18),
	(2, 19, 3, 42),
	(2, 19, 5, 27),
	(2, 19, 6, 58),
	(2, 19, 7, 14),
	(2, 20, 1, 54),
	(2, 20, 3, 38),
	(2, 20, 5, 44),
	(2, 20, 6, 30),
	(2, 20, 8, 18),
	(2, 21, 1, 74),
	(2, 21, 2, 44),
	(2, 21, 8, 21),
	(2, 22, 2, 28),
	(2, 22, 3, 36),
	(2, 22, 4, 33),
	(2, 22, 6, 39),
	(2, 22, 7, 11),
	(2, 23, 3, 99),
	(2, 23, 5, 44),
	(2, 23, 7, 21),
	(2, 23, 8, 46),
	(2, 24, 1, 82),
	(2, 24, 3, 54),
	(2, 24, 4, 76),
	(2, 24, 5, 75),
	(2, 24, 6, 52),
	(2, 24, 7, 44),
	(2, 25, 1, 91),
	(2, 25, 3, 66),
	(2, 25, 5, 88),
	(2, 25, 6, 94),
	(2, 25, 7, 70),
	(2, 26, 1, 23),
	(2, 26, 2, 16),
	(2, 26, 3, 62),
	(2, 26, 4, 30),
	(2, 26, 5, 54),
	(2, 26, 8, 39),
	(2, 27, 1, 46),
	(2, 27, 2, 20),
	(2, 27, 4, 47),
	(2, 27, 5, 22),
	(2, 27, 6, 73),
	(2, 27, 7, 18),
	(2, 27, 8, 67),
	(2, 28, 2, 20),
	(2, 28, 3, 39),
	(2, 28, 4, 85),
	(2, 28, 7, 90),
	(2, 29, 1, 69),
	(2, 29, 2, 24),
	(2, 29, 3, 29),
	(2, 29, 4, 89),
	(2, 29, 5, 16),
	(2, 30, 2, 59),
	(2, 30, 3, 12),
	(2, 30, 5, 23),
	(3, 1, 2, 18),
	(3, 2, 1, 86),
	(3, 2, 2, 61),
	(3, 2, 3, 85),
	(3, 2, 6, 82),
	(3, 2, 8, 87),
	(3, 3, 1, 34),
	(3, 3, 2, 39),
	(3, 3, 3, 49),
	(3, 3, 5, 19),
	(3, 3, 6, 94),
	(3, 3, 7, 33),
	(3, 4, 1, 30),
	(3, 4, 2, 59),
	(3, 4, 3, 72),
	(3, 4, 5, 52),
	(3, 4, 6, 34),
	(3, 5, 3, 92),
	(3, 5, 4, 52),
	(3, 5, 5, 20),
	(3, 5, 7, 36),
	(3, 5, 8, 21),
	(3, 6, 2, 39),
	(3, 6, 3, 87),
	(3, 6, 5, 55),
	(3, 7, 1, 30),
	(3, 7, 2, 16),
	(3, 7, 3, 79),
	(3, 7, 7, 31),
	(3, 8, 1, 71),
	(3, 8, 2, 15),
	(3, 8, 3, 92),
	(3, 8, 4, 64),
	(3, 8, 7, 37),
	(3, 9, 2, 48),
	(3, 9, 3, 25),
	(3, 9, 4, 78),
	(3, 9, 8, 10),
	(3, 10, 1, 55),
	(3, 10, 2, 34),
	(3, 10, 3, 39),
	(3, 10, 4, 91),
	(3, 10, 8, 18),
	(3, 11, 1, 20),
	(3, 11, 2, 81),
	(3, 11, 7, 88),
	(3, 11, 8, 30),
	(3, 12, 1, 45),
	(3, 12, 3, 81),
	(3, 12, 7, 61),
	(3, 12, 8, 37),
	(3, 13, 1, 48),
	(3, 13, 2, 18),
	(3, 13, 3, 41),
	(3, 13, 4, 20),
	(3, 13, 6, 94),
	(3, 13, 7, 66),
	(3, 13, 8, 60),
	(3, 14, 1, 38),
	(3, 14, 3, 15),
	(3, 14, 6, 85),
	(3, 14, 8, 63),
	(3, 15, 1, 27),
	(3, 15, 5, 43),
	(3, 16, 2, 81),
	(3, 16, 5, 73),
	(3, 16, 8, 65),
	(3, 17, 1, 94),
	(3, 17, 2, 43),
	(3, 17, 5, 77),
	(3, 17, 6, 84),
	(3, 17, 7, 82),
	(3, 17, 8, 78),
	(3, 18, 1, 85),
	(3, 18, 4, 62),
	(3, 18, 6, 76),
	(3, 18, 7, 66),
	(3, 18, 8, 74),
	(3, 19, 1, 46),
	(3, 19, 4, 61),
	(3, 19, 6, 14),
	(3, 19, 8, 44),
	(3, 20, 3, 15),
	(3, 20, 4, 96),
	(3, 20, 6, 19),
	(3, 20, 8, 59),
	(3, 21, 1, 77),
	(3, 21, 2, 39),
	(3, 21, 4, 59),
	(3, 21, 6, 49),
	(3, 21, 7, 35),
	(3, 21, 8, 63),
	(3, 22, 1, 29),
	(3, 22, 2, 96),
	(3, 22, 3, 71),
	(3, 22, 5, 45),
	(3, 22, 6, 32),
	(3, 22, 7, 13),
	(3, 22, 8, 11),
	(3, 23, 3, 78),
	(3, 23, 4, 27),
	(3, 23, 6, 36),
	(3, 23, 7, 85),
	(3, 23, 8, 61),
	(3, 24, 1, 40),
	(3, 24, 2, 74),
	(3, 24, 3, 63),
	(3, 24, 5, 32),
	(3, 24, 7, 80),
	(3, 25, 4, 31),
	(3, 25, 5, 41),
	(3, 26, 2, 87),
	(3, 26, 6, 87),
	(3, 27, 1, 10),
	(3, 27, 2, 77),
	(3, 27, 4, 31),
	(3, 27, 5, 58),
	(3, 27, 7, 73),
	(3, 28, 1, 16),
	(3, 28, 2, 13),
	(3, 28, 5, 81),
	(3, 29, 3, 23),
	(3, 29, 4, 98),
	(3, 29, 6, 99),
	(3, 30, 1, 76),
	(3, 30, 2, 54),
	(3, 30, 3, 78),
	(3, 30, 5, 30),
	(3, 30, 6, 81),
	(3, 30, 7, 51),
	(3, 30, 8, 78);
/*!40000 ALTER TABLE `table_marks` ENABLE KEYS */;

-- Dumping structure for table java_learning.table_school
CREATE TABLE IF NOT EXISTS `table_school` (
  `school_id` int NOT NULL AUTO_INCREMENT,
  `school_name` varchar(50) COLLATE utf8_bin NOT NULL DEFAULT '0',
  PRIMARY KEY (`school_id`)
) ENGINE=InnoDB AUTO_INCREMENT=6 DEFAULT CHARSET=utf8 COLLATE=utf8_bin;

-- Dumping data for table java_learning.table_school: ~4 rows (approximately)
DELETE FROM `table_school`;
/*!40000 ALTER TABLE `table_school` DISABLE KEYS */;
INSERT INTO `table_school` (`school_id`, `school_name`) VALUES
	(1, 'School of science'),
	(2, 'Govt school'),
	(3, 'English school'),
	(4, 'ABC School'),
	(5, 'Students School');
/*!40000 ALTER TABLE `table_school` ENABLE KEYS */;

-- Dumping structure for table java_learning.table_student
CREATE TABLE IF NOT EXISTS `table_student` (
  `student_id` int NOT NULL AUTO_INCREMENT,
  `student_name` varchar(50) COLLATE utf8_bin NOT NULL DEFAULT '0',
  `address_id` int NOT NULL DEFAULT '0',
  `school_id` int DEFAULT NULL,
  PRIMARY KEY (`student_id`) USING BTREE,
  KEY `FK_table_student_table_address` (`address_id`),
  KEY `FK_table_student_table_school` (`school_id`),
  CONSTRAINT `FK_table_student_table_address` FOREIGN KEY (`address_id`) REFERENCES `table_address` (`address_id`),
  CONSTRAINT `FK_table_student_table_school` FOREIGN KEY (`school_id`) REFERENCES `table_school` (`school_id`)
) ENGINE=InnoDB AUTO_INCREMENT=31 DEFAULT CHARSET=utf8 COLLATE=utf8_bin;

-- Dumping data for table java_learning.table_student: ~30 rows (approximately)
DELETE FROM `table_student`;
/*!40000 ALTER TABLE `table_student` DISABLE KEYS */;
INSERT INTO `table_student` (`student_id`, `student_name`, `address_id`, `school_id`) VALUES
	(1, 'Shan', 1, 1),
	(2, 'Ram', 1, 1),
	(3, 'Pandi', 1, 1),
	(4, 'Ravi', 1, 1),
	(5, 'Hari', 1, 1),
	(6, 'Kumar', 1, 1),
	(7, 'Karthick', 2, 2),
	(8, 'Rahul', 2, 2),
	(9, 'Dravid', 2, 2),
	(10, 'Sachin', 2, 2),
	(11, 'Saurav', 2, 2),
	(12, 'Khan', 2, 2),
	(13, 'Selvam', 3, 3),
	(14, 'Pandey', 3, 3),
	(15, 'Abishek', 3, 3),
	(16, 'Mani', 3, 3),
	(17, 'Seetha', 3, 3),
	(18, 'Lakshmi', 3, 3),
	(19, 'Preethi', 4, 4),
	(20, 'Ramya', 4, 4),
	(21, 'Vishnu', 4, 4),
	(22, 'Deepak', 4, 4),
	(23, 'Lee', 4, 4),
	(24, 'Satheesh', 4, 4),
	(25, 'Shikhar', 5, 5),
	(26, 'Dawan', 5, 5),
	(27, 'Virat', 5, 5),
	(28, 'Kohli', 5, 5),
	(29, 'Surya', 5, 5),
	(30, 'Vijay', 5, 5);
/*!40000 ALTER TABLE `table_student` ENABLE KEYS */;

/*!40101 SET SQL_MODE=IFNULL(@OLD_SQL_MODE, '') */;
/*!40014 SET FOREIGN_KEY_CHECKS=IF(@OLD_FOREIGN_KEY_CHECKS IS NULL, 1, @OLD_FOREIGN_KEY_CHECKS) */;
/*!40101 SET CHARACTER_SET_CLIENT=@OLD_CHARACTER_SET_CLIENT */;
/*!40111 SET SQL_NOTES=@OLD_SQL_NOTES */;
